Name,Muscle
Bench Press Neutral Grip ,Chest
Bench Press Wide Grip,Shoulders
Bench Press CloseGrip,Chest
Incline Bench Press Neutral Grip ,Chest
Incline Bench Press Wide Grip ,Shoulders
Incline Bench Press Close Grip ,Chest
Dumbbell Press Neutral Grip ,Chest
Dumbbell  Press Close Grip,Chest
Incline Dumbbell  Press Neutral Grip ,Chest
Dumbbell Press Close Grip ,Chest
Cable Flye,Chest
Cable Flye Bent Over ,Chest
Cable Flye High ,Chest
Cable Flye Underhand ,Chest
Dumbbell Flye,Chest
Dumbbell Flye Incline,Chest
Machine Chest Press ,Chest
Machine Flye,Chest
Push Up,Chest
Push Up Deficit,Chest
Inclince Push Up ,Chest
Smith Machine Press,Chest
Smith Machine Incline,Chest
Assisted Dips,Triceps
Barbell Triceps Extension,Triceps
Barbell Triceps Extension Seated,Triceps
Barbell Skullcrusher,Triceps
Cable Overhead Triceps Extension,Triceps
Cable Overhead Triceps Extension (Rope),Triceps
Cable Triceps Pushdown (Bar),Triceps
Cable Triceps Pushdown (Rope),Triceps
Cable Triceps Pushdown (Single-Arm),Triceps
Dip,Triceps
Cable Triceps Kickback,Triceps
Dip (Weighted),Triceps
Dumbbell Overhead Extension (Single-Arm),Triceps
Dumbbell Skullcrusher,Triceps
EZ Bar Overhead Triceps Extension,Triceps
EZ Bar Overhead Triceps Extension (Seated),Triceps
Inverted Skullcrusher,Triceps
JM Press,Triceps
Machine Triceps Pushdown,Triceps
Barbell Bent Over Shrug,Shoulders
Barbell Facepull,Shoulders
Barbell Front Raise,Shoulders
"Barbell Front Raise (EZ Bar, Underhand)",Shoulders
Barbell Shoulder Press (Seated),Shoulders
Barbell Shoulder Press (Standing),Shoulders
Barbell Shrug,Shoulders
Barbell Upright Row,Shoulders
Smith Machine Shoulder Press (Seated),Shoulders
Smith Machine Upright Row,Shoulders
Cable Bent Over Shrug,Shoulders
Cable Cross Body Bent Lateral Raise,Shoulders
Cable Cross Body Lateral Raise,Shoulders
Cable Front Raise (Underhand),Shoulders
Cable Lateral Raise (Single-Arm),Shoulders
Cable Leaning Lateral Raise,Shoulders
Cable Rope Facepull,Shoulders
Cable Rope Facepull (Kneeling),Shoulders
Cable Shrug,Shoulders
Cable Side Shrug,Shoulders
Cable Single Arm Rear Delt Raise,Shoulders
Cable Single Arm Side Shrug,Shoulders
Cable Upright Row,Shoulders
Dumbbell Bent Lateral Raise,Shoulders
Dumbbell Bent Over Shrug,Shoulders
Dumbbell Facepull,Shoulders
Dumbbell Facepull (Incline),Shoulders
Dumbbell Front Raise,Shoulders
Dumbbell Lateral Raise,Shoulders
Dumbbell Lateral Raise (Incline),Shoulders
Dumbbell Lateral Raise (Super ROM),Shoulders
Dumbbell Lateral Raise (Thumbs Down),Shoulders
Dumbbell Lateral Raise (Top Hold),Shoulders
Dumbbell Leaning Shrug,Shoulders
Dumbbell Press (High Incline),Shoulders
Dumbbell Shoulder Press (Seated),Shoulders
Dumbbell Shoulder Press (Standing),Shoulders
Dumbbell Shrug,Shoulders
Dumbbell Shrug (Seated),Shoulders
Dumbbell Upright Row,Shoulders
Freemotion Rear Delt Flyes,Shoulders
Freemotion Rear Delt Flyes (Paused),Shoulders
Freemotion Y-Raises,Shoulders
Machine Lateral Raise,Shoulders
Machine Reverse Flye,Shoulders
Machine Shoulder Press,Shoulders
Smith Machine Shoulder Press (Seated),Shoulders
Smith Machine Upright Row,Shoulders
Barbell Hip Thrust,Glutes
Barbell Squat (Sumo Stance),Glutes
Belt Squat (Wide Stance),Glutes
Cable Pull Through,Glutes
Deadlift,Glutes
Deadlift (Deficit 25's),Glutes
Deadlift (Deficit),Glutes
Deadlift (Sumo Stance),Glutes
Dumbbell Hip Thrust (Single Leg),Glutes
Dumbbell Split Squat,Glutes
Machine Glute Kickback,Glutes
Reverse Lunge (Barbell),Glutes
Reverse Lunge (Dumbbell),Glutes
"Walking Lunges (Glute-Focused, Barbell)",Glutes
"Walking Lunges (Glute-Focused, Bodyweight)",Glutes
"Walking Lunges (Glute-Focused, Dumbbell)",Glutes
Belt Squat Calves,Calves
Calf Machine,Calves
Dumbbell Calf Raises,Calves
Leg Press Calves,Calves
Smith Machine Calves,Calves
Stair Calves,Calves
Barbell Standing Wrist Curl,Forearms
Cable Wrist Curl,Forearms
Dumbbell Bench Wrist Curl,Forearms
Dumbbell Standing Wrist Curl,Forearms
Grip Roller,Forearms
Reverse Curls,Forearms
Assisted Pullup (Normal Grip),Back
Assisted Pullup (Parallel Grip),Back
Assisted Pullup (Underhand Grip),Back
Assisted Pullup (Wide Grip),Back
Barbell Bent Over Row,Back
Barbell Flexion Row,Back
Barbell Row to Chest,Back
Cable Flexion Row,Back
Cambered Bar Row,Back
Chest Supported Row,Back
Dumbbell Pullover,Back
Dumbbell Row (2-Arm),Back
"Dumbbell Row (2-Arm, Incline)",Back
"Dumbbell Row (Single-Arm, Supported)",Back
Dumbbell Row to Hips,Back
EZ Bar Row (Underhand),Back
Hammer Machine Row (High),Back
Hammer Machine Row (Low),Back
Inverted Row,Back
Machine Chest Supported Row,Back
Machine Pullover,Back
Pulldown (Narrow Grip),Back
Pulldown (Normal Grip),Back
Pulldown (Parallel Grip),Back
Pulldown (Straight Arm),Back
Pulldown (Underhand Grip),Back
Pulldown (Upright Torso to Abs),Back
Pulldown (Wide Grip),Back
Pullup (Normal Grip),Back
Pullup (Parallel Grip),Back
Pullup (Underhand Grip),Back
"Pullup (Weighted, Normal Grip)",Back
"Pullup (Weighted, Parallel Grip)",Back
"Pullup (Weighted, Underhand Grip)",Back
"Pullup (Weighted, Wide Grip)",Back
Pullup (Wide Grip),Back
Seal Row,Back
Seated Cable Row,Back
Smith Machine Row,Back
T-Bar Row,Back
Barbell Curl (Narrow Grip),Biceps
Barbell Curl (Normal Grip),Biceps
Cable Curl,Biceps
Cable Curl (EZ Bar),Biceps
"Cable Curl (EZ Bar, Wide Grip)",Biceps
Cable Rope Twist Curl,Biceps
Dumbbell Curl (2-Arm),Biceps
Dumbbell Curl (Alternating),Biceps
Dumbbell Curl (Incline),Biceps
Dumbbell Preacher Curl (Single-Arm),Biceps
Dumbbell Spider Curl,Biceps
Dumbbell Twist Curl,Biceps
EZ Bar Curl (Narrow Grip),Biceps
EZ Bar Curl (Normal Grip),Biceps
EZ Bar Curl (Wide Grip),Biceps
EZ Bar Preacher Curl,Biceps
EZ Bar Spider Curl,Biceps
Freemotion Curl (Facing Away),Biceps
Freemotion Curl (Facing Machine),Biceps
Freemotion Curl (Single-Arm),Biceps
Hammer Curl,Biceps
Lying Biceps Dumbbell Curl,Biceps
Lying Down Curl,Biceps
Machine Preacher Curl,Biceps
Barbell Split Squat,Quads
Barbell Squat (Cambered Bar),Quads
"Barbell Squat (Close Stance, Feet Forward)",Quads
Barbell Squat (High Bar),Quads
Barbell Squat (Narrow Stance),Quads
Barbell Squat (Safety Bar),Quads
Belt Squat,Quads
Front Squat,Quads
Front Squat (Cross Grip),Quads
Hack Squat,Quads
Leg Extension,Quads
Leg Press,Quads
Pendulum Squat,Quads
Sissy Squat (Machine),Quads
Sissy Squat (No Machine),Quads
Smith Machine Squat (Feet Forward),Quads
"Walking Lunges (Quad-Focused, Barbell)",Quads
"Walking Lunges (Quad-Focused, Bodyweight)",Quads
"Walking Lunges (Quad-Focused, Dumbbell)",Quads
Barbell Good Morning (Cambered Bar),Hamstrings
Barbell Good Morning (High Bar),Hamstrings
Barbell Good Morning (Low Bar),Hamstrings
Barbell Good Morning (Safety Bar),Hamstrings
Dumbbell Stiff Legged Deadlift,Hamstrings
Lying Leg Curl,Hamstrings
Seated Leg Curl,Hamstrings
Single-Leg Leg Curl,Hamstrings
Smith Machine Good Morning,Hamstrings
Stiff-Legged Deadlift,Hamstrings
Back Raise (45 degree),Hamstrings
Barbell Bent Over Shrug,Traps
Barbell Shrug,Traps
Cable Bent Over Shrug,Traps
Cable Shrug,Traps
Cable Side Shrug,Traps
Cable Single Arm Side Shrug,Traps
Dumbbell Bent Over Shrug,Traps
Dumbbell Leaning Shrug,Traps
Dumbbell Shrug,Traps
Dumbbell Shrug (Seated),Traps
Cable Rope Crunch,Abs
Hanging Knee Raise,Abs
Hanging Straight Leg Raise,Abs
Machine Crunch,Abs
Modified Candlestick,Abs
Reaching Sit-Up,Abs
Slant Board Sit-Up (Weighted),Abs
V-Up (Weighted),Abs
